{
  "project_info": {
    "project_id": "vuze-remote",
    "project_number": "589358162448",
    "name": "Vuze Remote"
  },
  "client": [
    {
      "client_info": {
        "mobilesdk_app_id": "1:589358162448:android:489c9aede28b55e6",
        "client_id": "android:com.vuze.android.remote",
        "client_type": 1,
        "android_client_info": {
          "package_name": "com.vuze.android.remote",
          "certificate_hash": []
        }
      },
      "oauth_client": [],
      "api_key": [],
      "services": {
        "analytics_service": {
          "status": 2,
          "analytics_property": {
            "tracking_id": "UA-1474242-22"
          }
        },
        "cloud_messaging_service": {
          "status": 1,
          "apns_config": []
        },
        "appinvite_service": {
          "status": 1,
          "other_platform_oauth_client": []
        },
        "google_signin_service": {
          "status": 1
        },
        "ads_service": {
          "status": 1
        }
      }
    }
  ],
  "client_info": [],
  "ARTIFACT_VERSION": "1"
}